ECG_P_Peaks,ECG_S_Peaks,ECG_R_Peaks,ECG_T_Peaks,ECG_Q_Peaks
0.0,0.0,0.0,0.0,0.0
0.33088803088803087,0.4968041836141778,0.3297297297297297,0.3311437403400309,0.4979639325189063
0.6648648648648648,0.9999999999999999,0.6640926640926641,0.6657650695517774,1.0
