ECG_P_Peaks,ECG_S_Peaks,ECG_R_Peaks,ECG_T_Peaks,ECG_Q_Peaks
0.500525762,0.554273116,0.499590883,0.499182434,0.554402801
