ECG_P_Peaks,ECG_S_Peaks,ECG_R_Peaks,ECG_T_Peaks,ECG_Q_Peaks
0.302722281,0.335883802,0.302746932,0.302032235,0.335754117
