ECG_P_Peaks,ECG_S_Peaks,ECG_R_Peaks,ECG_T_Peaks,ECG_Q_Peaks
0.201191728,0.223187654,0.201052016,0.201238028,0.222928284
