ECG_P_Peaks,ECG_S_Peaks,ECG_R_Peaks,ECG_T_Peaks,ECG_Q_Peaks
0.10012852,0.11088056,0.099824664,0.100093436,0.111010245
