ECG_P_Peaks,ECG_S_Peaks,ECG_R_Peaks,ECG_T_Peaks,ECG_Q_Peaks
0.402617128,0.446115938,0.402220923,0.40095772,0.446245623
