ECG_P_Peaks,ECG_S_Peaks,ECG_R_Peaks,ECG_T_Peaks,ECG_Q_Peaks
0.0,0.0,0.0,0.0,0.0
0.24862199013635045,0.33011583011583007,0.24818366753850626,0.24963588697931838,0.3306295867130167
0.4995648389904264,0.6644787644787644,0.49985469340308053,0.501602097290999,0.6639629200463499
0.7519582245430809,1.0,0.7526881720430108,0.7529857267695892,1.0
